,x,0
0,,"device_1,[None, None, None],1685413969748"
0,,"device_1,[-0.17477672, -0.19393034, 9.847352],1685413969814"
0,,"device_1,[-0.2896984, -0.2753332, 9.813833],1685413969850"
0,,"device_1,[-0.19153613, -0.23223756, 9.842564],1685413969902"
0,,"device_1,[-0.23942018, -0.21068975, 9.840169],1685413969979"
0,,"device_1,[-0.260968, -0.35194764, 9.816227],1685413970007"
0,,"device_1,[-0.15801731, -0.29209262, 9.859323],1685413970059"
0,,"device_1,[-0.23223756, -0.20590134, 9.854534],1685413970114"
0,,"device_1,[-0.12928689, -0.14844051, 9.91439],1685413970168"
0,,"device_1,[-0.20829555, -0.10534488, 9.770737],1685413970223"
0,,"device_1,[-0.36631286, 0.2777274, 9.959879],1685413970278"
0,,"device_1,[-0.19393034, 0.17717093, 9.763555],1685413970333"
0,,"device_1,[0.045489833, -0.62249243, 9.77792],1685413970391"
0,,"device_1,[-1.6017209, 0.9792285, 5.109226],1685413970443"
0,,"device_1,[0.49320555, -0.79008657, 8.896853],1685413970519"
0,,"device_1,[-0.16998832, -0.4285621, 9.507375],1685413970552"
0,,"device_1,[-0.18914193, -0.30645782, 9.583989],1685413970626"
0,,"device_1,[-0.33279404, -0.22026655, 9.97185],1685413970662"
0,,"device_1,[-0.11731588, -0.49081135, 9.811439],1685413970719"
0,,"device_1,[-0.2753332, -1.0845734, 10.132261],1685413970772"
0,,"device_1,[-0.11971009, -0.25139117, 9.749189],1685413970827"
0,,"device_1,[0.009576807, -0.055066638, 9.730036],1685413970881"
0,,"device_1,[-0.09816227, -0.2657564, 9.730036],1685413970937"
0,,"device_1,[-0.48841715, -0.33279404, 10.081984],1685413970992"
0,,"device_1,[-0.15083471, 1.0031705, 10.601525],1685413971047"
0,,"device_1,[-0.81402856, -0.9696517, 9.722853],1685413971102"
0,,"device_1,[-0.2657564, -1.2856863, 10.620679],1685413971159"
0,,"device_1,[-0.830788, -0.6967127, 10.33098],1685413971233"
0,,"device_1,[-0.6560113, -1.2497733, 10.484209],1685413971265"
0,,"device_1,[-1.2904748, -1.5969325, 12.543222],1685413971330"
0,,"device_1,[-1.7381904, -1.163582, 14.204799],1685413971376"
0,,"device_1,[-1.2593501, -0.5770026, 13.757083],1685413971431"
0,,"device_1,[-2.4253263, -0.50757074, 12.492945],1685413971538"
0,,"device_1,[-2.9113493, -0.7182605, 10.867282],1685413971548"
0,,"device_1,[-2.066196, -0.59136784, 8.839393],1685413971601"
0,,"device_1,[-2.2840683, 0.1436521, 8.274361],1685413971660"
0,,"device_1,[-1.4796166, -0.46447513, 8.161834],1685413971705"
0,,"device_1,[-1.7190368, -0.92416185, 8.789114],1685413971759"
0,,"device_1,[-1.0773908, -0.32561144, 8.597578],1685413971814"
0,,"device_1,[-0.7398083, -0.6536171, 8.899248],1685413971869"
0,,"device_1,[-1.5275006, -1.0390835, 8.480263],1685413971924"
0,,"device_1,[-1.2880806, -1.5035586, 8.298303],1685413972004"
0,,"device_1,[-0.7565677, -1.5993267, 8.92319],1685413972038"
0,,"device_1,[-1.3072342, -0.8283938, 8.944737],1685413972089"
0,,"device_1,[-0.46208093, -1.7405846, 8.492233],1685413972144"
0,,"device_1,[0.2681506, -1.6232687, 8.628703],1685413972198"
0,,"device_1,[0.46686932, -4.268862, 10.199299],1685413972254"
0,,"device_1,[1.0103531, -4.63278, 10.192117],1685413972308"
0,,"device_1,[1.7645266, -3.5865142, 9.234436],1685413972365"
0,,"device_1,[1.055843, -1.7669208, 7.410054],1685413972418"
0,,"device_1,[0.1340753, -1.352724, 7.7811556],1685413972473"
0,,"device_1,[-0.29448682, -0.2873042, 8.214506],1685413972532"
0,,"device_1,[-0.08379706, -0.10534488, 8.987833],1685413972584"
0,,"device_1,[1.0702082, -0.9648633, 10.096349],1685413972638"
0,,"device_1,[0.46926352, -2.7509377, 11.602302],1685413972697"
0,,"device_1,[0.9983821, -4.426879, 11.417948],1685413972750"
0,,"device_1,[1.364695, -3.6128504, 8.820239],1685413972801"
0,,"device_1,[0.9672575, -1.4269443, 6.8689647],1685413972856"
0,,"device_1,[-0.2873042, -2.621651, 8.063671],1685413972913"
0,,"device_1,[-0.39264908, -4.5753193, 10.254366],1685413973031"
0,,"device_1,[0.15083471, -5.2265425, 11.475409],1685413973037"
0,,"device_1,[0.17956513, -6.9767036, 12.579136],1685413973076"
0,,"device_1,[0.60812724, -4.036624, 11.733982]device_1,[-0.16759412, -5.499481, 13.273455],1685413973232"
0,,"device_1,[-0.09816227, -4.213795, 12.026075],1685413973268"
0,,"device_1,[0.10055647, -1.5634137, 8.9519205],1685413973336"
0,,"device_1,[0.51235914, 1.5251064, 5.0781016],1685413973348"
0,,"device_1,[0.89303726, 4.0821137, 3.4500446],1685413973403"
0,,"device_1,[-1.5059528, 3.7804444, 5.0517654],1685413973459"
0,,"device_1,[-1.5682021, -0.15322891, 10.199299],1685413973513"
0,,"device_1,[-3.0430303, -4.1706996, 14.240712],1685413973570"
0,,"device_1,[0.6967127, -3.2513258, 13.302185],1685413973623"
0,,"device_1,[3.3183637, -3.8355112, 10.668563],1685413973699"
0,,"device_1,[0.090979666, -2.2050598, 8.078036],1685413973736"
0,,"device_1,[0.81881696, -2.942474, 7.3406224],1685413973790"
0,,"device_1,[0.2777274, -3.620033, 7.345411],1685413973869"
0,,"device_1,[-0.5554548, -6.2704144, 10.529699],1685413973899"
0,,"device_1,[2.0901382, -4.7620673, 11.829751],1685413974002"
0,,"device_1,[3.205836, -3.052607, 10.941502],1685413974014"
0,,"device_1,[2.2864625, -1.376666, 8.664616],1685413974069"
0,,"device_1,[1.6304513, -0.81642276, 6.634333],1685413974119"
0,,"device_1,[-0.11252748, -0.1364695, 7.007828],1685413974174"
0,,"device_1,[-0.272939, -0.39264908, 8.406042],1685413974231"
0,,"device_1,[1.8315643, -1.9847932, 9.315839],1685413974311"
0,,"device_1,[0.3878607, -2.3511062, 11.992557],1685413974338"
0,,"device_1,[0.58897364, -2.954445, 12.287044],1685413974392"
0,,"device_1,[2.5953147, -2.5474305, 10.022128],1685413974447"
0,,"device_1,[1.7525556, -2.0350714, 7.359776],1685413974503"
0,,"device_1,[0.37349546, -1.6352397, 7.3286514],1685413974557"
0,,"device_1,[-0.3184288, -3.1555579, 8.623915],1685413974612"
0,,"device_1,[0.2801216, -4.9775453, 10.927136],1685413974667"
0,,"device_1,[-0.35913026, -5.7269306, 12.605472],1685413974735"
0,,"device_1,[2.6024973, -4.900931, 11.695675],1685413974833"
0,,"device_1,[1.9752164, -3.083732, 11.039664],1685413974844"
0,,"device_1,[1.7501614, -1.8315643, 8.552089],1685413974930"
0,,"device_1,[1.5849615, -0.94092125, 7.2687964],1685413974941"
0,,"device_1,[0.7350199, 0.34476504, 6.289568],1685413975030"
0,,"device_1,[-0.2801216, 0.91697925, 6.7444663],1685413975068"
0,,"device_1,[-1.7357962, 1.1133038, 9.299079],1685413975131"
0,,"device_1,[1.7022774, -0.61052144, 10.728417],1685413975161"
0,,"device_1,[2.5617957, -2.846706, 12.677298],1685413975231"
0,,"device_1,[0.076614454, -1.3503298, 9.277532],1685413975271"
0,,"device_1,[0.45010993, -1.484405, 7.881712],1685413975328"
0,,"device_1,[0.7661445, -1.7022774, 6.8282633],1685413975381"
0,,"device_1,[-0.4285621, -1.6184803, 6.7109475],1685413975436"
0,,"device_1,[-1.3239936, -2.6839, 8.049306],1685413975491"
0,,"device_1,[-1.5011644, -3.8019924, 10.4171715],1685413975562"
0,,"device_1,[2.516306, -2.8874073, 10.951078],1685413975641"
0,,"device_1,[2.2984335, -2.0590134, 10.577583],1685413975655"
0,,"device_1,[0.78290397, -1.0749966, 8.956709],1685413975709"
0,,"device_1,[-0.6584055, 0.02633622, 8.710106],1685413975764"
0,,"device_1,[-0.5650316, 0.79966336, 8.655039],1685413975819"
0,,"device_1,[-0.59376204, 0.6560113, 9.069236],1685413975875"
0,,"device_1,[-2.15957, -0.9648633, 11.638214],1685413975929"
0,,"device_1,[1.721431, -2.456451, 13.36204],1685413975983"
0,,"device_1,[-1.3599066, -2.303222, 11.583148],1685413976039"
0,,"device_1,[-1.3383588, -1.9680338, 9.581595],1685413976093"
0,,"device_1,[-0.15083471, -2.0159178, 8.243237],1685413976151"
0,,"device_1,[0.1388637, -2.2720973, 7.2448545],1685413976203"
0,,"device_1,[-0.6943185, -2.7341783, 7.9750857],1685413976259"
0,,"device_1,[-0.6464345, -3.7445314, 9.32781],1685413976312"
0,,"device_1,[-1.1899183, -4.110844, 11.468226],1685413976368"
0,,"device_1,[0.89782566, -2.6719291, 10.596737],1685413976454"
0,,"device_1,[1.7381904, -1.2234371, 9.255983],1685413976477"
0,,"device_1,[0.9720459, -0.6991069, 7.3525934],1685413976532"
0,,"device_1,[0.15322891, 0.31364042, 6.603208],1685413976587"
0,,"device_1,[0.2801216, 0.33758244, 6.8545995],1685413976643"
0,,"device_1,[1.6041151, -0.8475474, 8.224083],1685413976730"
0,,"device_1,[1.0869676, -2.621651, 12.425907],1685413976751"
0,,"device_1,[-0.21308395, -2.585738, 12.339716],1685413976831"
0,,"device_1,[2.7844565, -4.0342298, 10.089166],1685413976867"
0,,"device_1,[2.3582888, -4.096479, 8.846576],1685413976930"
0,,"device_1,[1.4652514, -3.2609026, 6.3685765],1685413976971"
0,,"device_1,[0.6560113, -2.147599, 4.620809],1685413977033"
0,,"device_1,[0.34476504, -1.7717092, 5.590461],1685413977078"
0,,"device_1,[1.2545617, -8.851364, 12.543222],1685413977132"
0,,"device_1,[5.0182467, -6.679823, 13.515268],1685413977187"
0,,"device_1,[4.5202527, -5.837064, 10.283096],1685413977273"
0,,"device_1,[1.8435353, -2.4756045, 7.639898],1685413977298"
0,,"device_1,[0.80445176, -0.9840169, 6.811504],1685413977352"
0,,"device_1,[0.44771573, -5.020641, 9.995792],1685413977406"
0,,"device_1,[1.0271125, -7.953538, 14.053964],1685413977461"
0,,"device_1,[5.5737014, -8.841787, 12.777855],1685413977515"
0,,"device_1,[4.5753193, -8.494628, 10.673351],1685413977570"
0,,"device_1,[1.2665327, -6.634333, 8.154651],1685413977626"
0,,"device_1,[0.49081135, -5.1690817, 6.1507044],1685413977688"
0,,"device_1,[0.7374141, -5.6766524, 6.1890116],1685413977735"
0,,"device_1,[1.6567876, -9.255983, 9.490616],1685413977792"
0,,"device_1,[5.791574, -8.001422, 9.006987],1685413977844"
0,,"device_1,[3.2632968, -6.2464724, 7.78355],1685413977902"
0,,"device_1,[2.1452048, -3.7565024, 6.0046577],1685413977955"
0,,"device_1,[0.81402856, -3.13401, 5.7604494],1685413978009"
0,,"device_1,[1.1133038, -3.1771057, 5.837064],1685413978092"
0,,"device_1,[2.0518308, -3.2441432, 6.3685765],1685413978118"
0,,"device_1,[1.9129672, -4.2185836, 7.489063],1685413978182"
0,,"device_1,[1.8363527, -6.2967505, 10.888829],1685413978228"
0,,"device_1,[4.6016555, -7.2328835, 10.213664],1685413978283"
0,,"device_1,[4.3502645, -6.2488666, 8.540117],1685413978341"
0,,"device_1,[2.1523874, -5.2648497, 7.6015906],1685413978393"
0,,"device_1,[1.1204864, -5.674258, 7.338228],1685413978447"
0,,"device_1,[0.80205756, -5.3342814, 6.3446345],1685413978503"
0,,"device_1,[1.6687586, -6.10282, 7.7332716],1685413978557"
0,,"device_1,[4.0821137, -5.5162406, 9.157822],1685413978630"
0,,"device_1,[3.3638535, -7.5225816, 10.443508],1685413978664"
0,,"device_1,[3.8642416, -5.920861, 9.56723],1685413978732"
0,,"device_1,[3.7325604, -3.004723, 7.21373],1685413978784"
0,,"device_1,[2.1284454, -0.6440403, 5.5401826],1685413978833"
0,,"device_1,[1.079785, 0.8331822, 4.9464207],1685413978935"
0,,"device_1,[0.8403648, -0.18195933, 5.6096144],1685413978948"
0,,"device_1,[0.62249243, -3.98874, 8.1642275],1685413978997"
0,,"device_1,[2.147599, -5.118803, 10.625467],1685413979059"
0,,"device_1,[4.687847, -6.9767036, 10.625467],1685413979099"
0,,"device_1,[4.256891, -6.955156, 8.829816],1685413979154"
0,,"device_1,[1.9393034, -6.227319, 8.034941],1685413979235"
0,,"device_1,[1.6879122, -7.1155677, 7.809886],1685413979286"
0,,"device_1,[1.4532804, -7.299921, 7.1083846],1685413979317"
0,,"device_1,[1.6591818, -7.1706343, 8.034941],1685413979371"
0,,"device_1,[1.6136919, -8.566454, 9.9790325],1685413979423"
0,,"device_1,[4.3837833, -6.3589997, 9.43076],1685413979474"
0,,"device_1,[4.072537, -5.9064956, 8.956709],1685413979527"
0,,"device_1,[3.028665, -3.1675289, 7.9607205],1685413979582"
0,,"device_1,[2.44448, -1.8794483, 6.9862804],1685413979636"
0,,"device_1,[1.3623008, -2.4109612, 6.789956],1685413979730"
0,,"device_1,[0.8882488, -1.6328455, 6.6247563],1685413979747"
0,,"device_1,[1.8052281, -1.1731589, 6.277597],1685413979800"
0,,"device_1,[0.7781156, -3.9025488, 7.4603324],1685413979855"
0,,"device_1,[-0.011971008, -6.5026517, 9.847352],1685413979910"
0,,"device_1,[2.873042, -6.8043213, 8.523358],1685413979965"
0,,"device_1,[3.8355112, -6.7947445, 7.1395097],1685413980021"
0,,"device_1,[1.934515, -5.825093, 6.143522],1685413980075"
0,,"device_1,[1.292869, -3.6703112, 4.3742065],1685413980129"
0,,"device_1,[0.093373865, -1.0031705, 4.1635165],1685413980186"
0,,"device_1,[0.31603462, 1.6807296, 5.209783],1685413980242"
0,,"device_1,[0.50996494, 1.4939818, 7.61835],1685413980294"
0,,"device_1,[0.6392518, -0.51714754, 10.979809],1685413980346"
0,,"device_1,[-0.47165772, -3.679888, 12.366052],1685413980401"
0,,"device_1,[-0.45250413, -4.1060557, 14.856022],1685413980456"
0,,"device_1,[0.5386954, -4.4005427, 14.075512],1685413980549"
0,,"device_1,[-0.8379706, -2.6288335, 12.559982],1685413980571"
0,,"device_1,[-1.0630256, -0.7733272, 11.334151],1685413980636"
0,,"device_1,[-1.6496049, -0.24660277, 10.888829],1685413980676"
0,,"device_1,[-3.4955344, 2.3678656, 9.720459],1685413980736"
0,,"device_1,[-2.9257145, 1.8722657, 9.569624],1685413980833"
0,,"device_1,[-3.6008794, 1.9081788, 8.937555],1685413980869"
0,,"device_1,[-2.44448, 1.1348516, 9.885659],1685413980912"
0,,"device_1,[-2.1787236, 2.2457612, 9.346964],1685413980985"
0,,"device_1,[-12.193669, 2.4109612, 17.635689],1685413981031"
0,,"device_1,[2.6048915, 3.2848446, 3.3566709],1685413981061"
0,,"device_1,[-1.9800048, -2.315193, 15.049952],1685413981113"
0,,"device_1,[-0.4189853, -4.5801077, 11.145009],1685413981167"
0,,"device_1,[-0.2873042, 0.02633622, 10.15381],1685413981221"
0,,"device_1,[1.9369092, 0.10055647, 8.63828],1685413981277"
0,,"device_1,[0.08140286, 0.22744916, 9.375694],1685413981369"
0,,"device_1,[-0.01436521, -0.110133275, 9.296685],1685413981386"
0,,"device_1,[0.055066638, -0.02873042, 9.404425],1685413981467"
0,,"device_1,[0.60094464, 0.5746084, 9.153033],1685413981496"
0,,"device_1,[0.050278235, -0.01436521, 9.610326],1685413981551"
0,,"device_1,[-0.079008654, -0.09816227, 9.737218],1685413981605"
0,,"device_1,[-0.1364695, -0.095768064, 9.849746],1685413981661"
0,,"device_1,[0.36631286, -0.40462008, 9.368511],1685413981731"
0,,"device_1,[-0.06464344, -0.3878607, 9.792285],1685413981770"
0,,"device_1,[-0.12689269, -0.16519992, 9.749189],1685413981825"
0,,"device_1,[0.39025488, -0.02873042, 9.387665],1685413981881"
0,,"device_1,[-0.110133275, -0.18674773, 9.830592],1685413981935"
0,,"device_1,[0.260968, -0.21068975, 9.435549],1685413981990"
0,,"device_1,[-0.15322891, -0.19153613, 9.907207],1685413982045"
0,,"device_1,[0.093373865, -0.19632454, 9.916783],1685413982101"
0,,"device_1,[0.059855044, -0.1412579, 9.725247],1685413982190"
0,,"device_1,[-0.11252748, -0.14844051, 9.888053],1685413982210"
0,,"device_1,[-2.468422, -3.6032736, 13.90313],1685413982264"
0,,"device_1,[1.8770541, 3.6942532, 8.123527],1685413982331"
0,,"device_1,[-0.2825158, 1.7645266, 9.65821],1685413982376"
0,,"device_1,[-0.4213795, -1.3623008, 10.170568],1685413982431"
0,,"device_1,[0.15083471, -2.7246015, 10.113108],1685413982530"
0,,"device_1,[-0.39983168, -0.1436521, 9.184157],1685413982539"
0,,"device_1,[-0.7086837, -0.05267244, 10.635044],1685413982631"
0,,"device_1,[1.4221559, 4.280833, 11.405977],1685413982648"
0,,"device_1,[0.08379706, 0.3878607, 13.065159],1685413982703"
0,,"device_1,[0.11492168, -1.2808979, 9.320627],1685413982757"
0,,"device_1,[0.40462008, -1.3599066, 9.828198],1685413982813"
0,,"device_1,[-0.34237084, -0.9983821, 10.831368],1685413982867"
0,,"device_1,[-0.17477672, 0.40940848, 9.744401],1685413982922"
0,,"device_1,[-0.85473, -2.6862943, 10.884041],1685413983008"
0,,"device_1,[0.4189853, 2.4420857, 9.902418],1685413983030"
0,,"device_1,[-0.10534488, -0.8595184, 9.85214],1685413983110"
0,,"device_1,[-0.24899697, -2.099715, 8.26239],1685413983139"
0,,"device_1,[-6.7827735, -1.6112977, 27.104757],1685413983199"
0,,"device_1,[0.30645782, -0.050278235, 10.45069],1685413983245"
0,,"device_1,[-0.01436521, 0.035913024, 9.844957],1685413983307"
0,,"device_1,[-0.06703765, -2.896984, 10.012551],1685413983350"
0,,"device_1,[0.9672575, -3.1483753, 8.683769],1685413983401"
0,,"device_1,[4.0892963, 6.742072, 15.667656],1685413983454"
0,,"device_1,[-0.15322891, 2.4899697, 10.304645],1685413983509"
0,,"device_1,[-0.07182605, 0.90740246, 9.773131],1685413983564"
0,,"device_1,[0.079008654, -1.9177556, 9.885659],1685413983621"
0,,"device_1,[0.088585466, -2.123657, 9.80665],1685413983675"
0,,"device_1,[-0.035913024, -1.0366893, 9.840169],1685413983728"
0,,"device_1,[0.019153614, 0.1364695, 9.840169],1685413983826"
0,,"device_1,[-0.038307227, 0.8595184, 9.801862],1685413983838"
0,,"device_1,[0.055066638, -0.6440403, 9.931149],1685413983894"
0,,"device_1,[0.033518825, 1.2473791, 9.813833],1685413983949"
0,,"device_1,[-0.079008654, -0.16998832, 9.902418],1685413984027"
0,,"device_1,[0.11731588, 0.23463176, 9.770737],1685413984059"
0,,"device_1,[0.062249243, -1.13964, 9.636662],1685413984112"
0,,"device_1,[0.5482722, -2.504335, 9.892841],1685413984171"
0,,"device_1,[0.14844051, 0.6344634, 9.895236],1685413984235"
0,,"device_1,[1.1444284, 3.052607, 9.593566],1685413984277"
0,,"device_1,[0.6919243, 1.7860745, 9.481039],1685413984332"
0,,"device_1,[1.8483237, -3.8714242, 9.516952],1685413984448"
0,,"device_1,[0.33279404, -2.0207062, 10.0508585],1685413984455"
0,,"device_1,[0.48602295, -0.32561144, 9.466674],1685413984538"
0,,"device_1,[0.272939, 0.6727707, 10.010158],1685413984550"
0,,"device_1,[0.24660277, 0.5554548, 9.85214],1685413984649"
0,,"device_1,[0.37828386, -0.3184288, 9.809045],1685413984660"
0,,"device_1,[0.25378537, -0.7206547, 9.80665],1685413984713"
0,,"device_1,[0.29688102, -0.4405331, 9.813833],1685413984769"
0,,"device_1,[0.21787235, -0.6584055, 9.840169],1685413984823"
0,,"device_1,[0.2633622, -0.6631939, 9.770737],1685413984878"
0,,"device_1,[0.9600749, 0.58657944, 10.228029],1685413984935"
0,,"device_1,[-0.7206547, 0.29927522, 9.753978],1685413984989"
0,,"device_1,[-0.29448682, 1.2042835, 9.734824],1685413985042"
0,,"device_1,[-0.78769237, -0.62009823, 10.168175],1685413985096"
0,,"device_1,[2.4708161, -2.5115175, 8.336611],1685413985151"
0,,"device_1,[-0.110133275, -0.6560113, 9.68694],1685413985207"
0,,"device_1,[0.05267244, -0.16280572, 9.773131],1685413985262"
0,,"device_1,[0.36391866, -0.0023942017, 9.842564],1685413985315"
0,,"device_1,[0.110133275, 0.7278373, 9.868899],1685413985370"
0,,"device_1,[0.21308395, -0.023942016, 9.842564],1685413985466"
0,,"device_1,[0.18435353, -0.37588966, 9.82341],1685413985480"
0,,"device_1,[0.14844051, -0.6775591, 9.785102],1685413985535"
0,,"device_1,[0.1604115, -0.50757074, 9.828198],1685413985590"
0,,"device_1,[0.1604115, -0.28491, 9.818622],1685413985644"
0,,"device_1,[0.15322891, -0.19871874, 9.832987],1685413985699"
0,,"device_1,[0.21308395, -0.35194764, 9.82341],1685413985756"
0,,"device_1,[0.19153613, -0.20829555, 9.835381],1685413985806"
0,,"device_1,[0.22266077, -0.17956513, 9.811439],1685413985859"
0,,"device_1,[0.21787235, -0.40222588, 9.837775],1685413985929"
0,,"device_1,[0.36870706, -0.48841715, 9.734824],1685413985969"
0,,"device_1,[0.19393034, -0.055066638, 9.825804],1685413986030"
0,,"device_1,[0.23942018, -0.32321724, 9.797073],1685413986079"
0,,"device_1,[0.20829555, -0.4429273, 9.828198],1685413986134"
0,,"device_1,[0.22744916, -0.12928689, 9.818622],1685413986231"
0,,"device_1,[0.24181437, -0.21068975, 9.818622],1685413986285"
0,,"device_1,[0.25617957, -0.11252748, 9.813833],1685413986333"
0,,"device_1,[0.25378537, -0.6751649, 9.8042555],1685413986353"
0,,"device_1,[0.23942018, -0.35434186, 9.799467],1685413986408"
0,,"device_1,[0.22984336, 0.25857377, 9.835381],1685413986463"
0,,"device_1,[0.21787235, -0.25617957, 9.813833],1685413986535"
0,,"device_1,[0.24181437, -0.7445967, 9.787497],1685413986586"
0,,"device_1,[0.22744916, -0.36391866, 9.828198],1685413986627"
0,,"device_1,[0.25378537, 0.05746084, 9.844957],1685413986684"
0,,"device_1,[0.23702596, -0.32561144, 9.8042555],1685413986738"
0,,"device_1,[0.24660277, -0.32800564, 9.818622],1685413986793"
0,,"device_1,[0.31603462, -0.23223756, 9.825804],1685413986878"
0,,"device_1,[0.260968, -0.16280572, 9.835381],1685413986906"
0,,"device_1,[0.16280572, -0.44532153, 9.816227],1685413986959"
0,,"device_1,[0.19393034, -0.2657564, 9.821015],1685413987015"
0,,"device_1,[0.22984336, -0.1364695, 9.828198],1685413987104"
0,,"device_1,[0.16759412, -0.009576807, 9.828198],1685413987124"
0,,"device_1,[0.18674773, 0.090979666, 9.849746],1685413987183"
0,,"device_1,[0.23223756, -0.2896984, 9.801862],1685413987238"
0,,"device_1,[0.11492168, -0.320823, 9.830592],1685413987291"
0,,"device_1,[0.19153613, -0.045489833, 9.770737],1685413987347"
0,,"device_1,[0.19393034, -0.5482722, 9.813833],1685413987402"
0,,"device_1,[0.18914193, -0.5291186, 9.775525],1685413987455"
0,,"device_1,[0.1604115, -0.82121116, 9.782708],1685413987508"
0,,"device_1,[0.22984336, -0.6464345, 9.821015],1685413987566"
0,,"device_1,[0.14604631, 0.3878607, 9.921572],1685413987618"
0,,"device_1,[0.4405331, 0.94570965, 9.725247],1685413987674"
0,,"device_1,[-0.15322891, -0.34715924, 9.919178],1685413987739"
0,,"device_1,[0.055066638, -0.34237084, 9.689334],1685413987787"
0,,"device_1,[-0.23223756, -0.055066638, 10.465055],1685413987931"
0,,"device_1,[-0.34476504, -0.23702596, 10.261548],1685413987937"
0,,"device_1,[0.17238252, -0.14844051, 9.562442],1685413987949"
0,,"device_1,[-0.15562311, -0.19871874, 9.811439],1685413988032"
0,,"device_1,[0.39983168, -0.019153614, 9.471462],1685413988057"
0,,"device_1,[-0.107739076, -0.22266077, 9.775525],1685413988131"
0,,"device_1,[-0.062249243, -0.12210429, 9.844957],1685413988167"
0,,"device_1,[0.18674773, -0.059855044, 9.753978],1685413988231"
0,,"device_1,[-0.095768064, -0.17238252, 10.041282],1685413988276"
0,,"device_1,[0.22744916, -0.2705448, 9.536105],1685413988332"
0,,"device_1,[0.019153614, -0.2873042, 9.837775],1685413988386"
0,,"device_1,[0.059855044, -0.17717093, 9.864111],1685413988442"
0,,"device_1,[0.770933, -1.2425907, 11.054029],1685413988498"
0,,"device_1,[-1.4748282, -0.94810385, 11.247959],1685413988550"
0,,"device_1,[2.2816741, -0.94570965, 16.697163],1685413988614"
0,,"device_1,[1.2282255, -0.29209262, 11.068395],1685413988656"
0,,"device_1,[1.5610195, 0.18674773, 13.053187],1685413988747"
0,,"device_1,[-1.3814543, 0.50038815, 11.57836],1685413988765"
0,,"device_1,[-0.61052144, 1.685518, 8.408437],1685413988818"
0,,"device_1,[-0.4213795, 2.7246015, 8.224083],1685413988873"
0,,"device_1,[0.6775591, 3.7565024, 7.0461354],1685413988929"
0,,"device_1,[0.30406362, 4.000711, 6.943185],1685413988982"
0,,"device_1,[0.25139117, 4.8219223, 6.1890116],1685413989038"
0,,"device_1,[-0.61291564, 5.00867, 6.1411276],1685413989092"
0,,"device_1,[0.38067806, 4.7381253, 6.730101],1685413989148"
0,,"device_1,[0.047884032, 4.247314, 7.8984714],1685413989201"
0,,"device_1,[-0.22266077, 4.5681367, 8.6574335],1685413989256"
0,,"device_1,[0.30645782, 4.1132383, 10.852917],1685413989331"
0,,"device_1,[-0.0047884034, 4.158728, 10.481815],1685413989367"
0,,"device_1,[-0.16280572, 4.355053, 9.969456],1685413989421"
0,,"device_1,[0.055066638, 4.4077253, 8.896853],1685413989475"
0,,"device_1,[-0.62488663, 4.6495395, 8.552089],1685413989561"
0,,"device_1,[0.92416185, 5.121197, 9.057265],1685413989585"
0,,"device_1,[0.4165911, 4.9703627, 9.289502],1685413989640"
0,,"device_1,[1.1420342, 6.220136, 8.250419],1685413989696"
0,,"device_1,[-0.94570965, 4.4603977, 8.14268],1685413989749"
0,,"device_1,[0.63206923, 7.539341, 4.673482],1685413989831"
0,,"device_1,[-1.0534488, 4.72376, 7.6494746],1685413989859"
0,,"device_1,[0.51235914, 5.0876784, 8.307879],1685413989931"
0,,"device_1,[1.7717092, 6.0716953, 8.3150625],1685413989970"
0,,"device_1,[2.054225, 5.3127337, 8.367735],1685413990031"
0,,"device_1,[-0.2777274, 5.9543796, 8.23366],1685413990080"
0,,"device_1,[0.39743748, 5.5497594, 8.295909],1685413990133"
0,,"device_1,[-0.17238252, 4.8745947, 7.7332716],1685413990187"
0,,"device_1,[-0.33758244, 5.2504845, 7.345411],1685413990242"
0,,"device_1,[-2.3295584, 2.8898015, 8.425196],1685413990299"
0,,"device_1,[0.36870706, 5.427655, 8.585608],1685413990380"
0,,"device_1,[-0.39504328, 5.48751, 7.9726915],1685413990429"
0,,"device_1,[0.10295067, 5.8203044, 6.2871737],1685413990461"
0,,"device_1,[0.9624691, 7.477092, 7.3190746],1685413990531"
0,,"device_1,[0.30406362, 6.9048777, 7.285556],1685413990571"
0,,"device_1,[-0.059855044, 6.0956373, 7.7691846],1685413990625"
0,,"device_1,[-0.23942018, 5.60722, 7.015011],1685413990681"
0,,"device_1,[-1.0151415, 4.5154643, 4.829105],1685413990734"
0,,"device_1,[-0.36152446, 3.7301662, 4.261679],1685413990790"
0,,"device_1,[0.1364695, 2.6144683, 8.655039],1685413990844"
0,,"device_1,[1.7525556, 1.3239936, 0.320823],1685413990900"
0,,"device_1,[-10.682928, -0.36391866, -3.6774938],1685413990956"
0,,"device_1,[11.980585, 17.149666, -33.928234],1685413991012"
0,,"device_1,[-14.72434, 0.035913024, 11.03727],1685413991066"
0,,"device_1,[3.6056678, -2.087744, 9.452309],1685413991120"
0,,"device_1,[-0.641646, 0.80445176, 5.8322754],1685413991200"
0,,"device_1,[21.775265, 8.702923, 51.449],1685413991228"
0,,"device_1,[-4.4556093, -1.5610195, 4.924873],1685413991284"
0,,"device_1,[5.619191, -2.9759927, 17.30529],1685413991338"
0,,"device_1,[1.1204864, 0.19632454, 11.353305],1685413991394"
0,,"device_1,[-0.8475474, -0.36631286, 10.771513],1685413991447"
0,,"device_1,[-2.8107927, -0.7661445, 7.704541],1685413991501"
0,,"device_1,[0.34715924, -0.1412579, 8.702923],1685413991556"
0,,"device_1,[0.5530606, -0.18674773, 9.174581],1685413991631"
0,,"device_1,[-0.16759412, 0.44771573, 9.651027],1685413991668"
0,,"device_1,[0.038307227, -0.34476504, 10.04607],1685413991730"
0,,"device_1,[-0.37588966, -0.30885202, 10.036493],1685413991779"
0,,"device_1,[-0.9624691, 0.5793968, 9.78989],1685413991837"
0,,"device_1,[-0.45968673, -0.2681506, 10.309433],1685413991930"
0,,"device_1,[-0.023942016, -0.11252748, 10.041282],1685413991944"
0,,"device_1,[0.19871874, -0.059855044, 9.919178],1685413992029"
0,,"device_1,[0.12449849, -0.12449849, 9.904813],1685413992053"
0,,"device_1,[-0.02633622, -0.15322891, 9.868899],1685413992107"
0,,"device_1,[-0.37828386, -0.17238252, 10.029311],1685413992163"
0,,"device_1,[-0.35673606, -0.11492168, 9.41879],1685413992217"
0,,"device_1,[-0.21787235, -0.2681506, 9.7324295],1685413992273"
0,,"device_1,[0.17238252, -0.21787235, 9.7324295],1685413992327"
0,,"device_1,[-3.371036, -0.91219085, 2.6527755],1685413992381"
0,,"device_1,[-0.5386954, -3.560178, 11.200075],1685413992435"
0,,"device_1,[-0.25139117, -0.090979666, 8.856153],1685413992490"
0,,"device_1,[-0.107739076, 3.040636, 10.06283],1685413992545"
0,,"device_1,[0.24420857, 0.2777274, 9.591172],1685413992599"
0,,"device_1,[-0.19153613, -2.018312, 9.543288],1685413992655"
0,,"device_1,[0.8738836, -4.0318356, 10.125079],1685413992710"
0,,"device_1,[0.5554548, -0.9840169, 10.134656],1685413992766"
0,,"device_1,[0.01436521, 0.8451532, 9.907207],1685413992845"
0,,"device_1,[0.4213795, -0.62967503, 9.782708],1685413992876"
0,,"device_1,[0.320823, -2.504335, 9.78989],1685413992931"
0,,"device_1,[0.8595184, -1.1851299, 9.765948],1685413992987"
0,,"device_1,[0.90261406, -1.0893618, 10.524911],1685413993042"
0,,"device_1,[-0.4165911, -0.25139117, 8.6095495],1685413993095"
0,,"device_1,[-48.13064, 10.644621, 57.42014],1685413993170"
0,,"device_1,[0.37828386, 0.40222588, 12.272678],1685413993222"
0,,"device_1,[-1.7812861, 4.146757, 9.330204],1685413993259"
0,,"device_1,[0.89064306, 1.1659763, 10.776301],1685413993314"
0,,"device_1,[0.5650316, -2.2218192, 9.849746],1685413993371"
0,,"device_1,[0.074220255, -2.6982653, 9.744401],1685413993425"
0,,"device_1,[-0.01436521, -1.8315643, 9.933543],1685413993480"
0,,"device_1,[0.37828386, 1.2761095, 9.876082],1685413993537"
0,,"device_1,[0.045489833, 0.521936, 9.859323],1685413993631"
0,,"device_1,[0.1340753, -1.5179238, 9.832987],1685413993644"
0,,"device_1,[0.29209262, -1.9416976, 9.816227],1685413993731"
0,,"device_1,[-0.079008654, -1.8531121, 9.986216],1685413993754"
0,,"device_1,[0.11252748, -0.5626374, 9.665392],1685413993831"
0,,"device_1,[0.18914193, 5.5138464, 10.278308],1685413993864"
0,,"device_1,[0.4189853, -1.9560628, 10.163386],1685413993918"
0,,"device_1,[1.982399, -0.62967503, 9.466674],1685413993973"
0,,"device_1,[-0.2801216, 1.5610195, 9.868899],1685413994028"
0,,"device_1,[10.8864355, -7.0724716, -12.749125],1685413994085"
0,,"device_1,[1.4987702, 4.402937, 8.968679],1685413994137"
0,,"device_1,[-0.9864111, -2.7724855, 10.081984],1685413994191"
0,,"device_1,[-0.30406362, 1.1971009, 11.061212],1685413994266"
0,,"device_1,[1.0055647, -1.5179238, 9.387665],1685413994308"
0,,"device_1,[-1.1324574, 0.581791, 9.876082],1685413994360"
0,,"device_1,[-2.861071, -3.311181, 5.2887917],1685413994412"
0,,"device_1,[0.25617957, -2.930503, 10.716447],1685413994467"
0,,"device_1,[-3.1148565, 4.003105, 9.962274],1685413994522"
0,,"device_1,[-1.1779473, 0.6991069, 9.703699],1685413994575"
0,,"device_1,[-1.6376339, 0.11731588, 9.598354],1685413994632"
0,,"device_1,[-1.6903064, 2.707842, 9.167398],1685413994685"
0,,"device_1,[-2.243367, 1.2569559, 6.6774287],1685413994740"
0,,"device_1,[-1.1731589, -1.7788919, 10.757148],1685413994795"
0,,"device_1,[0.05746084, -5.7628436, 8.578424],1685413994850"
0,,"device_1,[-8.14268, -0.32321724, 11.992557],1685413994905"
0,,"device_1,[1.7381904, -1.2880806, 10.637438],1685413994960"
0,,"device_1,[-0.9816227, 1.2737153, 9.643845],1685413995014"
0,,"device_1,[-1.1061212, -0.50757074, 10.486604],1685413995069"
0,,"device_1,[0.37828386, 3.8618474, 10.486604],1685413995125"
0,,"device_1,[0.05746084, -2.3439236, 9.49301],1685413995179"
0,,"device_1,[-1.8531121, -4.4723687, 9.588778],1685413995234"
0,,"device_1,[1.7310078, -2.0709844, 9.433155],1685413995331"
0,,"device_1,[-0.6368576, 0.47405192, 9.533711],1685413995344"
0,,"device_1,[1.8291701, -3.229778, 9.0476885],1685413995431"
0,,"device_1,[-1.496376, 2.9712043, 10.477027],1685413995455"
0,,"device_1,[0.6919243, 5.8442464, 9.696517],1685413995554"
0,,"device_1,[2.1571758, -3.9312792, 10.149021],1685413995564"
0,,"device_1,[0.062249243, -0.4405331, 9.416395],1685413995631"
0,,"device_1,[0.35194764, -1.3383588, 9.986216],1685413995674"
0,,"device_1,[0.3854665, -1.8818425, 9.598354],1685413995734"
0,,"device_1,[0.01436521, 0.51475334, 9.797073],1685413995790"
0,,"device_1,[-0.22744916, 2.1859062, 10.407595],1685413995839"
0,,"device_1,[0.15562311, 2.6910827, 9.045294],1685413995895"
0,,"device_1,[1.1085154, -1.970428, 10.9103775],1685413995949"
0,,"device_1,[0.62249243, 0.81402856, 11.025299],1685413996006"
0,,"device_1,[-1.3024458, -0.1364695, 10.556035],1685413996058"
0,,"device_1,[0.34476504, 4.6112323, 9.873688],1685413996115"
0,,"device_1,[1.6160861, 2.7269957, 8.329428],1685413996168"
0,,"device_1,[0.2896984, 4.378995, 9.150639],1685413996229"
0,,"device_1,[1.2976574, 4.450821, 8.049306],1685413996278"
0,,"device_1,[1.2018893, 4.8961425, 10.508151],1685413996333"
0,,"device_1,[1.2330139, 0.7541735, 6.0022635],1685413996388"
0,,"device_1,[-4.685453, 3.3087866, 16.567875],1685413996453"
0,,"device_1,[3.6894648, 13.278243, 5.3223104],1685413996497"
0,,"device_1,[3.13401, -1.8435353, 2.1667526],1685413996553"
0,,"device_1,[-0.7206547, 3.7708676, 13.072341],1685413996607"
0,,"device_1,[0.6871359, 0.019153614, 10.529699],1685413996664"
0,,"device_1,[-2.3918076, 7.311892, 16.089035],1685413996717"
0,,"device_1,[-2.2290018, 3.0933087, 6.4404025],1685413996771"
0,,"device_1,[-0.7134721, 16.448166, -11.334151],1685413996832"
0,,"device_1,[4.7524905, 4.3957543, -6.6606693],1685413996881"
0,,"device_1,[-3.3375173, 17.429789, 14.068329],1685413996938"
0,,"device_1,[2.2888567, -3.4572272, 7.9702973],1685413996992"
0,,"device_1,[1.8938135, -9.586384, 13.517663],1685413997046"
0,,"device_1,[-2.087744, -8.082825, 3.6942532],1685413997100"
0,,"device_1,[0.2657564, -1.5849615, 12.780249],1685413997230"
0,,"device_1,[0.80445176, 4.687847, 5.497087],1685413997237"
0,,"device_1,[2.6862943, 6.766014, 12.464214],1685413997266"
0,,"device_1,[1.7525556, 8.276755, 7.501034],1685413997331"
0,,"device_1,[-7.807492, -4.594473, 17.824831],1685413997376"
0,,"device_1,[1.0582372, -6.1219735, 5.133168],1685413997433"
0,,"device_1,[2.657564, -14.300567, 10.2495775],1685413997514"
0,,"device_1,[-2.2960393, -7.855376, 20.372263],1685413997541"
0,,"device_1,[-3.4859576, -4.8027687, 11.11149],1685413997596"
0,,"device_1,[1.328782, 6.9360023, 13.9198885],1685413997650"
0,,"device_1,[3.6846764, -2.5187001, 7.5106106],1685413997706"
0,,"device_1,[1.0510546, 5.7843914, 12.641385],1685413997762"
0,,"device_1,[0.045489833, -3.7421372, 19.80723],1685413997816"
0,,"device_1,[3.7205894, -0.7517793, 15.890317],1685413997870"
0,,"device_1,[2.207454, -5.7987566, 3.1962593],1685413997925"
0,,"device_1,[-3.6272156, -2.3535004, 8.834604],1685413997980"
0,,"device_1,[-1.2449849, -2.5881321, 10.850522],1685413998035"
0,,"device_1,[-7.374141, 3.0502129, 28.031313],1685413998109"
0,,"device_1,[-0.1436521, -0.6919243, 16.31409],1685413998146"
0,,"device_1,[-1.9895816, 4.295198, 7.3789296],1685413998200"
0,,"device_1,[-4.048595, 1.4221559, 25.16306],1685413998255"
0,,"device_1,[13.637373, -2.1691468, -34.20596],1685413998308"
0,,"device_1,[-1.9608512, -3.071761, 12.564771],1685413998364"
0,,"device_1,[-1.6089035, 2.3942018, 17.00362],1685413998419"
0,,"device_1,[1.2545617, 0.4333505, 20.029892],1685413998473"
0,,"device_1,[0.045489833, -2.4899697, 18.385075],1685413998529"
0,,"device_1,[0.0047884034, 1.043872, 3.6272156],1685413998585"
0,,"device_1,[-2.7964275, 0.7230489, 10.5680065],1685413998637"
0,,"device_1,[0.45729253, 0.009576807, 4.4603977],1685413998695"
0,,"device_1,[-1.091756, -0.50038815, 16.828844],1685413998748"
0,,"device_1,[-2.6743233, 1.0606314, 8.420407],1685413998802"
0,,"device_1,[-1.5777789, -1.7980455, 1.1779473],1685413998862"
0,,"device_1,[-0.50517654, -1.0103531, 6.5265937],1685413998912"
0,,"device_1,[-0.14844051, -2.4468741, 2.707842],1685413998970"
0,,"device_1,[-1.163582, 3.940856, 15.756242],1685413999031"
0,,"device_1,[1.6304513, 9.387665, -1.1252748],1685413999079"
0,,"device_1,[-4.8123455, 2.791639, 8.236053],1685413999135"
0,,"device_1,[10.486604, 11.9853735, -8.003817],1685413999234"
0,,"device_1,[-6.6486983, 1.661576, 21.81836],1685413999244"
0,,"device_1,[-5.439626, -0.50517654, 52.904675],1685413999333"
0,,"device_1,[-4.7764325, -6.265626, 18.270153],1685413999351"
0,,"device_1,[-1.7070658, -1.0271125, -4.987122],1685413999433"
0,,"device_1,[-1.2545617, -6.6893997, 28.675354],1685413999464"
0,,"device_1,[-0.3878607, -5.4204726, 1.4317327],1685413999515"
0,,"device_1,[-0.47884035, 1.091756, 14.628572],1685413999569"
0,,"device_1,[-2.5210943, 0.90500826, 13.965379],1685413999630"
0,,"device_1,[-1.1659763, 0.0023942017, 1.8626889],1685413999685"
0,,"device_1,[-0.5363012, -3.7493198, 7.836222],1685413999726"
0,,"device_1,[-0.32321724, -1.2856863, 15.945383],1685413999784"
0,,"device_1,[-2.6120741, 1.5969325, 8.801085],1685413999836"
0,,"device_1,[-0.29688102, -1.0079589, 13.13459],1685413999889"
0,,"device_1,[0.050278235, 1.4437037, 9.229648],1685413999945"
0,,"device_1,[0.047884032, -1.7741034, 11.554418],1685413999995"
0,,"device_1,[0.05746084, -0.9959879, 9.387665],1685414000050"
0,,"device_1,[-0.46926352, 0.9816227, 9.160215],1685414000112"
0,,"device_1,[-1.8507179, 0.9911995, 9.378088],1685414000161"
0,,"device_1,[-0.81163436, -3.4763808, 8.702923],1685414000218"
0,,"device_1,[-1.3072342, 0.33518824, 9.368511],1685414000289"
0,,"device_1,[-1.2330139, 1.6256629, 9.483433],1685414000328"
0,,"device_1,[-1.0749966, -1.0510546, 10.419566],1685414000379"
0,,"device_1,[1.448492, -1.9776106, 8.808268]device_1,[-2.80361, 1.2904748, 17.022774],1685414000533"
0,,"device_1,[0.9888053, -2.384625, 7.8625584],1685414000562"
0,,"device_1,[2.360683, 1.5993267, 6.3805475],1685414000599"
0,,"device_1,[-0.5530606, 0.9983821, 11.286267],1685414000670"
0,,"device_1,[1.4820108, 5.861006, 8.415619],1685414000709"
0,,"device_1,[-0.9864111, -3.289633, 8.348581],1685414000763"
0,,"device_1,[1.5466543, -12.287044, 13.335704],1685414000817"
0,,"device_1,[-2.7222073, -6.4667387, 8.698134],1685414000871"
0,,"device_1,[-1.1109096, -7.620744, -5.705383],1685414000936"
0,,"device_1,[-4.5681367, -2.0015526, 18.875887],1685414000980"
0,,"device_1,[4.855441, -11.827356, 30.813375],1685414001035"
0,,"device_1,[-1.8411411, 7.747637, 18.82082],1685414001133"
0,,"device_1,[-6.117185, 15.243882, 5.094861],1685414001146"
0,,"device_1,[-1.3096284, 12.7730665, 7.752425],1685414001231"
0,,"device_1,[-2.0326772, 3.6631286, 5.4204726],1685414001262"
0,,"device_1,[1.163582, -9.856929, 10.127473],1685414001310"
0,,"device_1,[37.68952, -15.222335, 41.24252],1685414001369"
0,,"device_1,[5.6982, 6.2871737, -5.0613422],1685414001422"
0,,"device_1,[-1.946486, 0.93613285, 12.804191],1685414001477"
0,,"device_1,[5.1571107, -2.1499932, 4.429273],1685414001530"
0,,"device_1,[-1.6328455, 2.930503, 36.298492],1685414001595"
0,,"device_1,[1.9512744, 2.3702598, -8.78672],1685414001640"
0,,"device_1,[-2.7581203, 4.96318, 16.19438],1685414001694"
0,,"device_1,[0.37828386, 1.5442601, 22.278048],1685414001749"
0,,"device_1,[1.4820108, 3.4763808, 18.636467],1685414001816"
0,,"device_1,[0.21068975, -3.833117, 8.583213],1685414001860"
0,,"device_1,[1.8698715, -2.3391352, 6.6510925],1685414001914"
0,,"device_1,[7.237672, 0.5746084, 0.46926352],1685414001967"
0,,"device_1,[5.0397944, 0.320823, 4.4196963],1685414002022"
0,,"device_1,[2.6001031, -0.80445176, 10.129868],1685414002078"
0,,"device_1,[-2.2481554, -1.6256629, 11.066],1685414002158"
0,,"device_1,[4.292804, 0.4333505, 2.135628],1685414002187"
0,,"device_1,[-1.5466543, 0.51475334, 6.6989765],1685414002242"
0,,"device_1,[2.3343468, -1.685518, 4.1180267],1685414002296"
0,,"device_1,[2.4516625, -3.454833, 12.126632],1685414002353"
0,,"device_1,[2.5354595, -2.9352913, 9.935937],1685414002406"
0,,"device_1,[-2.7988217, 0.9744401, 12.030864],1685414002464"
0,,"device_1,[-0.7733272, 0.11252748, -4.173094],1685414002517"
0,,"device_1,[-7.0341644, -3.9121256, 26.168625],1685414002574"
0,,"device_1,[-3.3159695, -4.510676, 16.692375],1685414002627"
0,,"device_1,[-2.171541, 0.37349546, 11.216835],1685414002683"
0,,"device_1,[-1.0821792, -0.78290397, 14.566323],1685414002737"
0,,"device_1,[-2.8083985, 1.3215994, 10.69011],1685414002831"
0,,"device_1,[2.0638018, 0.4285621, 12.229582],1685414002847"
0,,"device_1,[0.9648633, 4.43885, 6.078878],1685414002932"
0,,"device_1,[-1.2090719, -0.842759, 18.239029],1685414002961"
0,,"device_1,[-2.4660277, -2.5881321, 3.1028855],1685414003033"
0,,"device_1,[-4.560954, 1.8100165, 15.298949],1685414003065"
0,,"device_1,[0.08140286, 2.858677, 8.279149],1685414003131"
0,,"device_1,[2.0254946, -2.4756045, 10.357317],1685414003180"
0,,"device_1,[-3.8043866, -8.013393, 16.208746]device_1,[-3.6152446, -1.4269443, 2.9855695],1685414003290"
0,,"device_1,[1.6448165, 1.2258313, 1.7932571],1685414003339"
0,,"device_1,[4.673482, -1.7741034, 14.477737],1685414003393"
0,,"device_1,[3.4237084, 5.140351, 16.25184],1685414003449"
0,,"device_1,[0.9504981, -2.0254946, 19.902998],1685414003504"
0,,"device_1,[4.4244847, 9.057265, -62.402473],1685414003559"
0,,"device_1,[-4.158728, -7.393295, 20.379444],1685414003614"
0,,"device_1,[-2.456451, -12.7730665, 25.289953],1685414003668"
0,,"device_1,[-24.528597, 6.751649, -17.50401],1685414003723"
0,,"device_1,[-4.5992613, -1.9057846, 12.935872],1685414003778"
0,,"device_1,[-0.59136784, -5.1475334, 10.517728],1685414003833"
0,,"device_1,[4.201824, 1.340753, 21.911734],1685414003887"
0,,"device_1,[-2.054225, -1.8602947, 14.068329],1685414003943"
0,,"device_1,[-0.11492168, 6.2584434, 13.769054],1685414004002"
0,,"device_1,[-0.45250413, 7.6015906, 12.624625],1685414004052"
0,,"device_1,[1.3551182, -2.2888567, 6.3206925],1685414004109"
0,,"device_1,[2.80361, -1.8315643, 10.548853],1685414004162"
0,,"device_1,[-3.7900212, 1.1827357, 13.891158],1685414004218"
0,,"device_1,[1.1468226, 0.14844051, 13.03164],1685414004272"
0,,"device_1,[2.8299465, 1.6783354, 16.469713],1685414004331"
0,,"device_1,[-2.27928, -0.30406362, 9.416395],1685414004385"
0,,"device_1,[-0.40940848, -2.0254946, 7.9343843],1685414004437"
0,,"device_1,[-2.2888567, -2.779668, 10.522516],1685414004517"
0,,"device_1,[-0.79726917, -1.5107412, 10.225636],1685414004548"
0,,"device_1,[-2.195483, -0.29927522, 8.288726],1685414004631"
0,,"device_1,[-1.1013328, -0.272939, 9.859323],1685414004655"
0,,"device_1,[-1.0726024, -2.0853498, 9.13388],1685414004731"
0,,"device_1,[-1.0941502, 0.21547815, 10.311827],1685414004767"
0,,"device_1,[-1.6519991, -0.19153613, 9.3733],1685414004833"
0,,"device_1,[-0.8762778, 1.6687586, 10.103531],1685414004885"
0,,"device_1,[-2.7102363, -1.1755531, 11.183316],1685414004932"
0,,"device_1,[-1.4676456, 0.20590134, 8.365341],1685414005008"
0,,"device_1,[-1.043872, 1.5610195, 10.927136],1685414005038"
0,,"device_1,[0.2657564, 3.5769374, 7.1730285],1685414005122"
0,,"device_1,[1.6543933, 8.604761, 6.3781533],1685414005148"
0,,"device_1,[0.40462008, 9.19134, 0.10534488],1685414005204"
0,,"device_1,[0.5626374, -1.7932571, 8.935161],1685414005260"
0,,"device_1,[7.539341, -7.1371155, 5.0182467],1685414005314"
0,,"device_1,[0.7110779, -1.3982137, 26.087221],1685414005371"
0,,"device_1,[3.8402996, 0.7661445, 19.91497],1685414005427"
0,,"device_1,[-3.229778, 9.873688, 9.141062],1685414005479"
0,,"device_1,[2.9903579, 6.7492547, 37.098156],1685414005536"
0,,"device_1,[2.9640217, -2.4612393, 28.696901],1685414005588"
0,,"device_1,[-4.537012, -6.7684083, 14.274231],1685414005644"
0,,"device_1,[-0.011971008, -4.8147397, -1.2545617],1685414005699"
0,,"device_1,[5.21936, -4.3766007, -7.771579],1685414005754"
0,,"device_1,[-1.1420342, -1.9656396, 5.1786585],1685414005808"
0,,"device_1,[-2.731784, 0.45968673, 10.67814],1685414005863"
0,,"device_1,[2.954445, -1.0462662, 7.477092],1685414005918"
0,,"device_1,[2.6479871, -2.8921957, 2.0685902],1685414005974"
0,,"device_1,[-0.40462008, 0.12928689, 8.580819],1685414006032"
0,,"device_1,[0.019153614, -0.8810662, 2.767697],1685414006084"
0,,"device_1,[-1.8124107, 2.1883004, 17.20234],1685414006140"
0,,"device_1,[-3.4356794, 0.50517654, 4.2999864],1685414006193"
0,,"device_1,[0.40462008, 1.6328455, 17.475279],1685414006248"
0,,"device_1,[-1.5634137, 1.5586253, 10.352529],1685414006302"
0,,"device_1,[0.6703765, 5.8801594, 13.587094],1685414006361"
0,,"device_1,[1.8674773, 2.8443117, -3.0573955],1685414006417"
0,,"device_1,[-0.16519992, -1.0151415, 11.9135475],1685414006468"
0,,"device_1,[0.8738836, -0.61530983, 18.239029],1685414006531"
0,,"device_1,[-12.557588, -0.20829555, -16.366762],1685414006578"
0,,"device_1,[-1.6639702, -2.3989902, 11.188105],1685414006633"
0,,"device_1,[-4.333505, -1.1540052, 4.2401314],1685414006740"
0,,"device_1,[-2.0757728, 0.7445967, 15.947778],1685414006751"
0,,"device_1,[-2.372654, 3.2920272, 11.085154],1685414006831"
0,,"device_1,[0.29209262, 2.3918076, 17.7554],1685414006860"
0,,"device_1,[-1.5586253, 0.39983168, 11.355699],1685414006923"
0,,"device_1,[0.79726917, 1.7980455, -1.0749966],1685414006961"
0,,"device_1,[-0.35913026, 3.7972038, 6.220136],1685414007016"
0,,"device_1,[0.46447513, -2.1212628, 11.75553],1685414007072"
0,,"device_1,[2.1404164, -4.187459, 9.902418],1685414007127"
0,,"device_1,[1.4101849, -2.0566192, 19.991585],1685414007181"
0,,"device_1,[-2.4708161, 3.6870706, 3.787627],1685414007236"
0,,"device_1,[1.8698715, 0.260968, 6.5265937],1685414007292"
0,,"device_1,[-3.667917, 2.2505496, 1.0271125],1685414007347"
0,,"device_1,[-4.0940847, -2.384625, -0.06943185],1685414007410"
0,,"device_1,[-2.4612393, 2.6192567, 8.281544],1685414007460"
0,,"device_1,[-0.79487497, 0.842759, 11.604695],1685414007511"
0,,"device_1,[-1.271321, 5.590461, 3.739743],1685414007570"
0,,"device_1,[0.6991069, 2.1739352, 14.71237],1685414007622"
0,,"device_1,[4.309563, 2.6288335, 30.885202],1685414007676"
0,,"device_1,[-7.6853876, -17.824831, -27.444735],1685414007730"
0,,"device_1,[2.1140802, -0.22505496, 11.96622],1685414007795"
0,,"device_1,[0.30406362, -3.4955344, 16.994043],1685414007843"
0,,"device_1,[-0.090979666, -4.24492, 9.801862],1685414007896"
0,,"device_1,[-0.8571242, 3.8474822, 3.679888],1685414007950"
0,,"device_1,[2.8060043, -0.6488287, 5.45878],1685414008005"
0,,"device_1,[0.2681506, 4.5801077, 4.378995],1685414008112"
0,,"device_1,[-1.1755531, -0.19153613, 8.678981],1685414008120"
0,,"device_1,[-4.185065, -1.6256629, 11.434708],1685414008169"
0,,"device_1,[0.34715924, -8.645462, 15.349227],1685414008223"
0,,"device_1,[1.4628572, -1.6160861, 9.275137],1685414008278"
0,,"device_1,[-0.06703765, 4.733337, 9.524135],1685414008355"
0,,"device_1,[2.9879637, 2.1068976, 4.3047748],1685414008433"
0,,"device_1,[1.9991584, -3.7181952, 7.690176],1685414008444"
0,,"device_1,[1.5059528, -4.745308, 8.408437],1685414008531"
0,,"device_1,[1.2138603, 1.5921441, 9.52174],1685414008553"
0,,"device_1,[3.3039982, 0.10055647, 7.9391727],1685414008631"
0,,"device_1,[1.8052281, 2.3989902, 8.99741],1685414008661"
0,,"device_1,[1.6567876, 2.1499932, 9.109938],1685414008732"
0,,"device_1,[-0.6775591, -0.4189853, 8.274361],1685414008769"
0,,"device_1,[1.9033904, 0.94570965, 9.0429],1685414008826"
0,,"device_1,[1.769315, -1.8962077, 8.300697],1685414008878"
0,,"device_1,[-0.48362875, -1.5490485, 10.82658],1685414008933"
0,,"device_1,[0.6823475, 1.2018893, 14.259866],1685414008990"
0,,"device_1,[-0.6464345, 1.6041151, 9.028535],1685414009043"
0,,"device_1,[0.095768064, -0.5243302, 5.0278234],1685414009098"
0,,"device_1,[-1.9680338, -1.0582372, 6.789956],1685414009153"
0,,"device_1,[2.0685902, -2.7269957, 14.535198],1685414009207"
0,,"device_1,[4.1276035, -0.6703765, 6.789956],1685414009262"
0,,"device_1,[-0.56982, -2.779668, 6.528988],1685414009325"
0,,"device_1,[-1.1492168, -3.2202013, 12.902353],1685414009372"
0,,"device_1,[1.8770541, -4.1036615, 3.8642416],1685414009427"
0,,"device_1,[-5.0637364, 1.5442601, 9.679757],1685414009487"
0,,"device_1,[0.035913024, 4.55856, 26.300306],1685414009542"
0,,"device_1,[-5.5760956, -2.0709844, 12.452243],1685414009591"
0,,"device_1,[-3.4356794, -6.0956373, 15.911864],1685414009645"
0,,"device_1,[-1.5179238, 7.943961, 23.365015],1685414009700"
0,,"device_1,[3.5745432, -1.5370775, 22.996307],1685414009755"
0,,"device_1,[-0.38307226, 0.50038815, 21.981165],1685414009810"
0,,"device_1,[-2.5689783, -0.6919243, 29.956251],1685414009865"
0,,"device_1,[1.2258313, -7.7667904, 11.844116],1685414009918"
0,,"device_1,[-1.4820108, 2.9592333, 23.171083],1685414009973"
0,,"device_1,[-2.1404164, -0.110133275, 25.297134],1685414010030"
0,,"device_1,[2.3654714, -0.91937345, 19.998766],1685414010083"
0,,"device_1,[0.37110126, 0.56982, 9.490616],1685414010140"
0,,"device_1,[0.78529817, -3.0142999, 11.9374895],1685414010231"
0,,"device_1,[2.1140802, 3.110068, 10.328587],1685414010248"
0,,"device_1,[4.1683054, 0.272939, 13.251906],1685414010333"
0,,"device_1,[1.2018893, -5.580884, 10.223241],1685414010360"
0,,"device_1,[-1.0031705, -3.964798, 9.038112],1685414010432"
0,,"device_1,[1.6208745, -4.486734, 6.7947445],1685414010469"
0,,"device_1,[1.4341269, -1.508347, 9.131485],1685414010531"
0,,"device_1,[1.508347, 1.7788919, 7.455544],1685414010580"
0,,"device_1,[1.316811, 4.7620673, 13.864822],1685414010633"
0,,"device_1,[0.35434186, 0.7541735, -2.8107927],1685414010694"
0,,"device_1,[0.39264908, 3.8522706, 21.827936],1685414010742"
0,,"device_1,[-4.1012673, 0.59136784, 4.1419687],1685414010797"
0,,"device_1,[-4.5441947, -1.5849615, 9.054871],1685414010852"
0,,"device_1,[3.4835634, 0.59136784, -1.3790601],1685414010908"
0,,"device_1,[-2.6360161, 4.709395, 1.0510546],1685414010965"
0,,"device_1,[3.727772, -6.799533, -5.4420204],1685414011065"
0,,"device_1,[-3.8043866, -2.813187, 10.223241],1685414011075"
0,,"device_1,[1.9440918, -1.3479356, 9.28232],1685414011128"
0,,"device_1,[4.237737, -1.6041151, 16.831238],1685414011183"
0,,"device_1,[-2.4971523, 1.1013328, 11.858481],1685414011237"
0,,"device_1,[-4.096479, 1.3982137, 11.391612],1685414011292"
0,,"device_1,[0.019153614, -0.7374141, 13.8959465],1685414011348"
0,,"device_1,[1.6256629, -5.1020436, 16.610971],1685414011407"
0,,"device_1,[-3.335123, -3.145981, 6.6295447],1685414011457"
0,,"device_1,[4.6351743, -9.629479, 20.163967],1685414011512"
0,,"device_1,[-10.060435, -15.164873, -12.157756],1685414011567"
0,,"device_1,[3.7301662, -0.40940848, 12.220005],1685414011622"
0,,"device_1,[-12.816162, 5.568913, 21.839909],1685414011679"
0,,"device_1,[1.9153614, -0.40940848, 21.16953],1685414011731"
0,,"device_1,[-1.2593501, 3.9983168, 7.9343843],1685414011786"
0,,"device_1,[-1.8722657, 6.10282, 6.921637],1685414011841"
0,,"device_1,[-1.769315, 3.169923, 5.48751],1685414011896"
0,,"device_1,[6.3566055, 3.145981, 11.621455],1685414011949"
0,,"device_1,[3.2585084, -4.7500963, 12.943054],1685414012014"
0,,"device_1,[-2.3127987, 2.882619, 6.481104],1685414012056"
0,,"device_1,[-3.7708676, 2.2984335, 2.5330653],1685414012134"
0,,"device_1,[3.347094, -2.5689783, 20.089746],1685414012235"
0,,"device_1,[-0.78290397, -0.58657944, 15.325285],1685414012242"
0,,"device_1,[1.8698715, -2.6240451, 7.563283],1685414012275"
0,,"device_1,[1.5753847, -3.1603463, 9.378088]device_1,[-0.641646, 1.1300632, 12.483368],1685414012423"
0,,"device_1,[-1.1779473, 0.110133275, 7.8050976],1685414012440"
0,,"device_1,[0.37588966, -0.20590134, 8.365341],1685414012510"
0,,"device_1,[0.10534488, -1.6376339, 8.327033],1685414012550"
0,,"device_1,[-0.9696517, -0.62967503, 9.593566],1685414012609"
0,,"device_1,[-0.93373865, -0.17477672, 9.557653],1685414012666"
0,,"device_1,[-1.6759412, -0.4357447, 9.907207],1685414012720"
0,,"device_1,[1.1947067, -2.2744915, 10.139444],1685414012769"
0,,"device_1,[3.821146, -4.7141833, 6.301539],1685414012824"
0,,"device_1,[1.0606314, 1.8531121, 8.329428],1685414012881"
0,,"device_1,[2.2337902, 3.608062, 7.326257],1685414012936"
0,,"device_1,[1.0869676, 1.6472107, 6.6079965],1685414012991"
0,,"device_1,[1.3239936, 0.34715924, 7.642292],1685414013045"
0,,"device_1,[0.89064306, -0.22266077, 5.7987566],1685414013101"
0,,"device_1,[-3.0310593, 3.1555579, 4.8099513],1685414013157"
0,,"device_1,[2.042254, -1.8818425, 11.461043],1685414013212"
0,,"device_1,[1.5298948, -6.897695, 5.793968],1685414013266"
0,,"device_1,[-2.087744, 3.1675289, 3.430891],1685414013332"
0,,"device_1,[3.2968156, 7.120356, 9.097966],1685414013376"
0,,"device_1,[-4.7261543, -2.56419, -1.8195933],1685414013478"
0,,"device_1,[-0.58418524, 8.63828, 5.0541596],1685414013493"
0,,"device_1,[-0.6368576, -9.603143, 13.019669],1685414013543"
0,,"device_1,[-5.446809, 3.7421372, 17.659632],1685414013610"
0,,"device_1,[-5.813122, 2.1428106, 12.993333],1685414013649"
0,,"device_1,[-3.2561142, 1.7669208, 20.853497],1685414013704"
0,,"device_1,[0.5291186, 4.156334, 7.2089415],1685414013759"
0,,"device_1,[-0.82121116, -12.078748, -6.157887],1685414013815"
0,,"device_1,[-4.8865657, 0.7134721, 8.48984],1685414013871"
0,,"device_1,[4.687847, -3.6870706, 3.2441432],1685414013933"
0,,"device_1,[2.1930888, -3.7349546, 15.20797],1685414013978"
0,,"device_1,[-5.1259856, 3.3638535, 9.720459],1685414014043"
0,,"device_1,[-1.7022774, 0.33518824, -0.45489833],1685414014132"
0,,"device_1,[0.20590134, -3.8115692, 16.845604],1685414014143"
0,,"device_1,[-0.18674773, -0.5722142, 21.229387],1685414014233"
0,,"device_1,[2.9999347, -1.8794483, -0.18674773],1685414014253"
0,,"device_1,[-5.4420204, -1.7357962, 5.2169657],1685414014311"
0,,"device_1,[-0.8451532, -0.5554548, 8.896853],1685414014363"
0,,"device_1,[-0.31603462, 1.0989386, 10.462662],1685414014419"
0,,"device_1,[-0.1388637, -1.3144168, 17.733852],1685414014488"
0,,"device_1,[2.1883004, 2.8203697, 16.531963],1685414014557"
0,,"device_1,[-0.44771573, -0.11252748, 18.059464],1685414014581"
0,,"device_1,[-0.34476504, -0.090979666, 11.085154],1685414014639"
0,,"device_1,[4.8243165, 0.641646, 8.803479],1685414014746"
0,,"device_1,[-1.6328455, -1.3096284, 1.8243817],1685414014770"
0,,"device_1,[2.1787236, -4.537012, 8.494628],1685414014807"
0,,"device_1,[7.9966335, -0.6344634, -18.425776],1685414014862"
0,,"device_1,[1.0390835, 4.5753193, 2.2337902],1685414014911"
0,,"device_1,[1.079785, 7.9966335, 3.6966474],1685414014971"
0,,"device_1,[-4.8841715, 7.1586633, 1.043872],1685414015024"
0,,"device_1,[-6.4044895, -1.8363527, 22.89575],1685414015092"
0,,"device_1,[-4.3119574, -1.6280571, 16.25663],1685414015127"
0,,"device_1,[-0.22026655, 5.9304376, 16.773777],1685414015182"
0,,"device_1,[-6.1507044, 1.5634137, -6.871359],1685414015241"
0,,"device_1,[-2.1739352, -1.127669, -4.9703627],1685414015288"
0,,"device_1,[0.34237084, 3.6104562, -6.981492],1685414015342"
0,,"device_1,[10.2974615, 0.1340753, 12.567164],1685414015401"
0,,"device_1,[2.705448, 2.6144683, 33.583466],1685414015452"
0,,"device_1,[1.7717092, 0.074220255, 28.033709],1685414015509"
0,,"device_1,[6.2225304, -1.7142484, 2.6240451],1685414015562"
0,,"device_1,[0.89543146, -7.699753, -4.5537715],1685414015618"
0,,"device_1,[3.6128504, -7.797915, 5.8562174],1685414015675"
0,,"device_1,[0.35434186, 2.5306711, 13.263878],1685414015726"
0,,"device_1,[-0.7326257, -0.49559975, 8.851364],1685414015851"
0,,"device_1,[1.8339585, -7.3310456, -5.446809],1685414015863"
0,,"device_1,[1.2258313, -3.2680852, 14.250289],1685414015931"
0,,"device_1,[1.412579, 1.7501614, -0.44771573],1685414015945"
0,,"device_1,[0.51235914, -0.31603462, 13.898341],1685414016031"
0,,"device_1,[1.1348516, 2.3870192, 3.7612908],1685414016075"
0,,"device_1,[-1.7956513, -1.4077905, 8.50181],1685414016133"
0,,"device_1,[2.4133554, -1.0869676, 6.6510925],1685414016165"
0,,"device_1,[1.4053963, -2.44448, 11.013328],1685414016224"
0,,"device_1,[0.62249243, -3.9312792, 5.439626],1685414016275"
0,,"device_1,[1.1611878, -0.088585466, 8.719683],1685414016328"
0,,"device_1,[1.0582372, 2.719813, 12.603078],1685414016385"
0,,"device_1,[1.0654198, -2.2481554, 10.077195],1685414016437"
0,,"device_1,[1.733402, -1.1228806, 7.9104424],1685414016493"
0,,"device_1,[0.24899697, 0.9959879, 9.500193],1685414016554"
0,,"device_1,[0.8283938, 0.82360536, 9.229648],1685414016610"
0,,"device_1,[0.59376204, 1.5873557, 9.308656],1685414016672"
0,,"device_1,[0.90979666, 1.8986019, 9.26556],1685414016712"
0,,"device_1,[0.2777274, 0.50996494, 9.957485],1685414016766"
0,,"device_1,[0.35434186, -1.8363527, 8.602366],1685414016830"
0,,"device_1,[1.340753, -5.767632, 5.758055],1685414016877"
0,,"device_1,[0.9672575, -3.5769374, 12.0093155],1685414016931"
0,,"device_1,[-2.243367, 5.3606176, 8.042124],1685414017016"
0,,"device_1,[0, -3.7780502, 11.844116],1685414017058"
0,,"device_1,[1.2425907, -3.9504328, 12.974179],1685414017099"
0,,"device_1,[1.1133038, 0.39264908, 9.411607],1685414017150"
0,,"device_1,[0.48841715, 3.5649664, 9.378088],1685414017211"
0,,"device_1,[-1.436521, 5.5760956, 6.220136],1685414017261"
0,,"device_1,[1.934515, -0.33518824, 6.339846],1685414017334"
0,,"device_1,[-0.8882488, -9.65821, -0.39983168],1685414017375"
0,,"device_1,[0.9768343, -5.518635, 1.0486604],1685414017424"
0,,"device_1,[2.396596, -2.0278888, 6.682217],1685414017478"
0,,"device_1,[-10.196905, -8.588001, 17.635689],1685414017534"
0,,"device_1,[1.2425907, -4.050989, 22.840685],1685414017589"
0,,"device_1,[5.1571107, -15.586253, 33.526005],1685414017733"
0,,"device_1,[-2.1164744, 15.581465, -10.414778],1685414017747"
0,,"device_1,[7.654263, 11.803414, -0.30406362],1685414017757"
0,,"device_1,[-7.043741, 0.6368576, 7.5441294],1685414017831"
0,,"device_1,[-0.09816227, -5.707777, 10.180145]device_1,[-4.6519337, 5.4659624, 3.4596214],1685414017953"
0,,"device_1,[1.6998832, -0.12928689, 18.681955]device_1,[-2.0733786, 4.9296613, 12.13142],1685414018091"
0,,"device_1,[4.8267107, 1.352724, 10.606314],1685414018099"
0,,"device_1,[4.8937483, -0.06703765, 8.513782]device_1,[0.4237737, 1.99437, 2.1859062],1685414018214"
0,,"device_1,[1.1899183, 0.6344634, 14.53041],1685414018334"
0,,"device_1,[3.502717, 1.4101849, 13.144167]device_1,[-1.0295067, 3.098097, 12.176909],1685414018357"
0,,"device_1,[0.272939, -1.4293385, 20.350714],1685414018412"
0,,"device_1,[0.6679823, -5.602432, 46.37329],1685414018463"
0,,"device_1,[0.770933, -1.2808979, 7.204153],1685414018525"
0,,"device_1,[9.449914, -3.107674, -19.608511],1685414018593"
0,,"device_1,[-1.1300632, 3.4356794, 21.789629],1685414018628"
0,,"device_1,[-2.147599, 1.7166426, 16.29733],1685414018683"
0,,"device_1,[0.06943185, 2.0231004, 9.301474],1685414018738"
0,,"device_1,[-1.8698715, -0.045489833, 6.3350577],1685414018791"
0,,"device_1,[0.48602295, -1.1109096, 17.089811],1685414018848"
0,,"device_1,[0.9888053, -1.7621324, 14.93503],1685414018902"
0,,"device_1,[-0.25139117, -0.50996494, 1.9488802],1685414018957"
0,,"device_1,[0.35913026, -3.9217024, 5.5042696],1685414019010"
0,,"device_1,[1.6639702, -6.0046577, 17.87511],1685414019065"
0,,"device_1,[1.0630256, -5.094861, 4.4364557],1685414019120"
0,,"device_1,[0.6727707, -0.6847417, 8.200141],1685414019177"
0,,"device_1,[-5.3845596, 0.40701428, 2.0685902],1685414019231"
0,,"device_1,[9.255983, -8.690952, -26.204538],1685414019285"
0,,"device_1,[-2.5306711, 4.292804, 3.7828386],1685414019339"
0,,"device_1,[12.435484, -9.816227, 37.179558],1685414019395"
0,,"device_1,[-5.7149596, 4.5896845, 5.2528787],1685414019450"
0,,"device_1,[-0.29209262, 1.9393034, 4.584896],1685414019531"
0,,"device_1,[2.789245, -3.3399115, 4.606444],1685414019561"
0,,"device_1,[-2.9735985, 2.2146366, 21.250935],1685414019631"
0,,"device_1,[0.51954174, -1.1180922, 5.1523223],1685414019671"
0,,"device_1,[-2.2122424, 2.6527755, 18.51915],1685414019733"
0,,"device_1,[-1.2138603, -0.60812724, 20.515915],1685414019780"
0,,"device_1,[-2.3008277, -2.3511062, 5.035006],1685414019834"
0,,"device_1,[0.38307226, -2.633622, 4.3239284],1685414019918"
0,,"device_1,[-0.8475474, -0.055066638, 9.131485],1685414019975"
0,,"device_1,[-0.50038815, 0.39264908, 12.442666],1685414020008"
0,,"device_1,[-8.465898, 4.8841715, 13.5775175],1685414020055"
0,,"device_1,[0.90021986, -0.7206547, 11.599907],1685414020109"
0,,"device_1,[-2.7102363, -1.6927006, 3.4835634],1685414020163"
0,,"device_1,[0.29927522, -1.8842367, 7.6135616],1685414020218"
0,,"device_1,[-1.8315643, 0.7685388, 8.99741],1685414020274"
0,,"device_1,[-0.22744916, -0.035913024, 11.923124],1685414020328"
0,,"device_1,[0.033518825, -3.110068, 6.658275],1685414020401"
0,,"device_1,[-0.32561144, -3.4237084, 9.064447],1685414020434"
0,,"device_1,[0.272939, 0.39504328, 11.844116],1685414020489"
0,,"device_1,[1.6136919, 1.7549498, 9.050082],1685414020545"
0,,"device_1,[0.6488287, -0.50278234, 9.361329],1685414020599"
0,,"device_1,[1.2473791, -0.007182605, 8.892065],1685414020652"
0,,"device_1,[0.272939, 0.90979666, 10.06283],1685414020709"
0,,"device_1,[1.508347, -1.4939818, 7.9750857],1685414020768"
0,,"device_1,[1.8219875, -3.2106245, 8.269572],1685414020826"
0,,"device_1,[-0.18914193, -2.3127987, 15.164873],1685414020873"
0,,"device_1,[1.697489, -4.733337, 9.181764],1685414020927"
0,,"device_1,[-0.533907, -0.17717093, 4.757279],1685414021010"
0,,"device_1,[1.3599066, 0.34715924, 10.235212],1685414021043"
0,,"device_1,[-1.5442601, -2.2960393, 12.624625],1685414021092"
0,,"device_1,[-0.18435353, -0.2657564, -2.303222],1685414021151"
0,,"device_1,[-1.3910311, 2.621651, 1.3599066],1685414021203"
0,,"device_1,[-1.2665327, 0.39264908, 16.019604],1685414021257"
0,,"device_1,[0.8331822, 1.8459295, 4.295198],1685414021313"
0,,"device_1,[5.3007627, 1.0989386, 22.783224],1685414021366"
0,,"device_1,[-0.37588966, -1.0989386, 6.8665705],1685414021431"
0,,"device_1,[0.36631286, -2.504335, 10.287885],1685414021476"
0,,"device_1,[4.261679, -0.06703765, 9.643845],1685414021533"
0,,"device_1,[-4.0677485, 1.6879122, 0.7589619],1685414021632"
0,,"device_1,[2.6384103, 6.0357823, 20.728998],1685414021645"
0,,"device_1,[-0.1340753, -0.7445967, 1.3910311],1685414021733"
0,,"device_1,[-0.05267244, 11.868058, 18.033127],1685414021751"
0,,"device_1,[8.599973, -5.5138464, 3.5482068],1685414021808"
0,,"device_1,[-10.539276, -16.455349, 16.493656],1685414021860"
0,,"device_1,[4.560954, -14.211981, 34.134132],1685414021914"
0,,"device_1,[2.755726, 6.1530986, 27.408821],1685414021972"
0,,"device_1,[-0.33039984, 6.033388, 3.6391866],1685414022026"
0,,"device_1,[1.3239936, 0.82121116, 12.320562],1685414022079"
0,,"device_1,[-1.055843, 6.4906807, 3.9073372],1685414022135"
0,,"device_1,[2.1619642, 3.098097, 8.793902],1685414022189"
0,,"device_1,[-3.7612908, 0.8331822, 15.351622],1685414022244"
0,,"device_1,[2.0135236, -7.563283, 11.884817],1685414022300"
0,,"device_1,[-0.6560113, -3.3494883, 8.7053175],1685414022354"
0,,"device_1,[7.371747, -0.15083471, 10.532093],1685414022439"
0,,"device_1,[0.61770403, 1.5897499, 9.169792],1685414022465"
0,,"device_1,[-2.0446482, 0.50996494, 7.053318],1685414022522"
0,,"device_1,[-10.426748, 1.3455414, 25.419239],1685414022575"
0,,"device_1,[-2.8107927, 3.5482068, 13.6014595],1685414022629"
0,,"device_1,[-3.13401, -5.9639564, 5.21936],1685414022687"
0,,"device_1,[1.9871874, -2.9472623, 12.265495],1685414022740"
0,,"device_1,[1.2617443, -2.918532, 4.975151],1685414022797"
0,,"device_1,[0.35434186, 1.1420342, 5.7484784],1685414022847"
0,,"device_1,[-3.41892, 4.7381253, 3.7612908],1685414022947"
0,,"device_1,[-9.3661175, 6.411672, 20.04665],1685414022963"
0,,"device_1,[-0.9792285, -0.40222588, 4.841076],1685414023012"
0,,"device_1,[-4.3406878, 0.6799533, 12.749125],1685414023067"
0,,"device_1,[6.588843, -3.478775, 9.064447],1685414023122"
0,,"device_1,[4.402937, 5.463568, 15.868769],1685414023177"
0,,"device_1,[2.1068976, 2.4540567, 24.825478],1685414023231"
0,,"device_1,[11.319786, -3.5625722, 31.18687],1685414023337"
0,,"device_1,[-11.116279, 8.346188, 14.408306],1685414023344"
0,,"device_1,[-8.4826565, -2.6551697, 9.763555],1685414023434"
0,,"device_1,[1.8962077, 10.500969, 20.60929],1685414023450"
0,,"device_1,[-0.093373865, -12.167333, 1.7836803],1685414023531"
0,,"device_1,[0.1412579, -4.06296, 9.646238],1685414023559"
0,,"device_1,[-1.3910311, 0.39264908, 20.056227],1685414023631"
0,,"device_1,[0.6440403, -1.3024458, 7.702147],1685414023672"
0,,"device_1,[-2.408567, 3.7828386, 15.253459],1685414023724"
0,,"device_1,[-1.0821792, 0.35673606, 11.216835],1685414023779"
0,,"device_1,[-1.3670892, 0.30885202, 10.156203],1685414023834"
0,,"device_1,[2.3654714, -3.406949, 21.131224],1685414023889"
0,,"device_1,[0.46686932, 3.9624038, 12.076353],1685414023945"
0,,"device_1,[-1.2497733, 0.9672575, 7.2664022],1685414024000"
0,,"device_1,[2.2720973, -3.074155, 13.656527],1685414024056"
0,,"device_1,[-1.3479356, -4.1395745, 15.588647],1685414024110"
0,,"device_1,[2.2481554, -1.8579005, 14.20001],1685414024165"
0,,"device_1,[1.733402, 0.22266077, 10.251971],1685414024221"
0,,"device_1,[0.25378537, 6.4308257, 11.96622],1685414024278"
0,,"device_1,[3.3159695, 11.834539, 8.578424],1685414024329"
0,,"device_1,[-17.439365, 3.3159695, 27.449522],1685414024408"
0,,"device_1,[1.1085154, -1.697489, 7.2304893],1685414024439"
0,,"device_1,[-0.4429273, -0.7182605, 8.884883],1685414024495"
0,,"device_1,[0.866701, -0.110133275, 8.750807],1685414024549"
0,,"device_1,[-1.5873557, 0.45729253, 8.415619],1685414024604"
0,,"device_1,[-0.019153614, 0.7517793, 9.277532],1685414024661"
0,,"device_1,[-0.047884032, 0.81402856, 8.429984],1685414024714"
0,,"device_1,[0.51954174, 0.61770403, 9.593566],1685414024772"
0,,"device_1,[-0.29448682, 0.51714754, 9.718064],1685414024823"
0,,"device_1,[1.3599066, 1.2737153, 13.096283],1685414024878"
0,,"device_1,[4.8482585, 5.2959743, 10.900801],1685414024933"
0,,"device_1,[5.7269306, 3.9193082, 11.154586],1685414024988"
0,,"device_1,[-5.8466406, 2.0254946, 8.619126],1685414025043"
0,,"device_1,[-9.892841, -2.2361844, 14.719552],1685414025135"
0,,"device_1,[-9.488221, -5.791574, 15.195998],1685414025155"
0,,"device_1,[-8.39886, -6.8067155, 14.614207],1685414025232"
0,,"device_1,[-6.495469, -6.0262055, 12.047623],1685414025263"
0,,"device_1,[-4.8482585, -5.3103395, 8.281544],1685414025331"
0,,"device_1,[-2.6120741, -3.952827, 5.5880666],1685414025371"
0,,"device_1,[-2.7389667, -4.3885717, 5.6120086],1685414025433"
0,,"device_1,[-2.1092918, -3.3973722, 5.592855],1685414025496"
0,,"device_1,[-1.8890251, -2.540248, 5.104438],1685414025536"
0,,"device_1,[-1.3670892, -1.0151415, 5.0158525],1685414025594"
0,,"device_1,[-1.7812861, -2.6982653, 5.90889],1685414025648"
0,,"device_1,[-2.231396, -3.4596214, 6.7612257],1685414025700"
0,,"device_1,[0.0023942017, -2.384625, 6.05733],1685414025759"
0,,"device_1,[1.1013328, -2.0566192, 7.5561004],1685414025815"
0,,"device_1,[-0.641646, 0.033518825, 9.301474],1685414025864"
0,,"device_1,[-0.15801731, 0.46447513, 8.161834],1685414025919"
0,,"device_1,[-1.0821792, 1.3670892, 7.335834],1685414025974"
0,,"device_1,[-1.5921441, 0.5506664, 6.31351],1685414026030"
0,,"device_1,[-3.4835634, 0.4405331, 6.5816603],1685414026086"
0,,"device_1,[-3.064578, -0.1604115, 6.033388],1685414026140"
0,,"device_1,[-1.352724, 1.0606314, 7.1466923],1685414026193"
0,,"device_1,[-1.283292, 1.448492, 10.156203],1685414026267"
0,,"device_1,[-5.351041, 2.420538, 15.361198],1685414026306"
0,,"device_1,[-4.3742065, -0.8595184, 14.894329],1685414026357"
0,,"device_1,[-1.1133038, -1.9273324, 11.410766],1685414026412"
0,,"device_1,[-0.46926352, -1.3239936, 8.128315],1685414026467"
0,,"device_1,[5.8705826, 0.9648633, 2.6982653],1685414026522"
0,,"device_1,[6.2632318, -0.31364042, 3.8259344],1685414026580"
0,,"device_1,[-8.549694, -6.3302693, 15.885529],1685414026637"
0,,"device_1,[-9.054871, -5.116409, 15.267824],1685414026695"
0,,"device_1,[-6.835446, -4.343082, 10.409989],1685414026746"
0,,"device_1,[-7.237672, -2.6791117, 12.811374],1685414026800"
0,,"device_1,[-5.1020436, -1.7908629, 10.548853],1685414026856"
0,,"device_1,[-4.6495395, -2.5091233, 7.33344],1685414026911"
0,,"device_1,[-3.7732618, -5.98311, 6.256049],1685414026966"
0,,"device_1,[-11.042058, -5.00867, 11.98298],1685414027031"
0,,"device_1,[-8.987833, -3.9217024, 11.836933],1685414027075"
0,,"device_1,[-2.834735, -3.3207579, 6.4380083],1685414027133"
0,,"device_1,[1.460463, 0.8690952, 4.876989],1685414027231"
0,,"device_1,[2.2361844, 1.1851299, 5.29358],1685414027256"
0,,"device_1,[1.9919758, 0.41180268, 6.1938],1685414027331"
0,,"device_1,[-4.039018, -2.528277, 11.03727],1685414027348"
0,,"device_1,[-8.020576, -3.3375173, 12.133814],1685414027403"
0,,"device_1,[-7.2352777, -3.2561142, 9.385271],1685414027458"
0,,"device_1,[-4.5178585, -1.5011644, 7.714118],1685414027554"
0,,"device_1,[-4.0940847, -1.1779473, 7.1155677],1685414027568"
0,,"device_1,[-6.1123967, -2.3558946, 7.469909],1685414027622"
0,,"device_1,[-6.291962, -5.4085016, 8.676587],1685414027676"
0,,"device_1,[-11.820174, -5.7604494, 13.117831],1685414027732"
0,,"device_1,[-6.289568, -4.9320555, 9.904813],1685414027787"
0,,"device_1,[-0.11252748, -1.4628572, 5.0134583],1685414027841"
0,,"device_1,[2.327164, 0.5363012, 3.5122938],1685414027896"
0,,"device_1,[2.3822308, 0.79008657, 4.4580035],1685414027951"
0,,"device_1,[-1.6136919, 1.0295067, 7.7787614],1685414028006"
0,,"device_1,[-6.7109475, -1.8914193, 11.195287],1685414028063"
0,,"device_1,[-9.993398, -1.8076223, 12.229582],1685414028116"
0,,"device_1,[-7.465121, -3.3063924, 9.821015],1685414028171"
0,,"device_1,[-7.8793178, -1.8602947, 10.2974615],1685414028229"
0,,"device_1,[-7.7213006, -2.1523874, 9.215282],1685414028280"
0,,"device_1,[-7.345411, -4.9655743, 9.631873],1685414028334"
0,,"device_1,[-9.440337, -5.758055, 12.306197],1685414028390"
0,,"device_1,[-4.309563, -4.343082, 10.172963],1685414028445"
0,,"device_1,[2.8491, 0.6464345, 6.813898],1685414028499"
0,,"device_1,[3.3135753, -0.17238252, 8.7771435],1685414028554"
0,,"device_1,[-11.6669445, -3.1914709, 18.076223],1685414028610"
0,,"device_1,[-18.231846, -3.5098996, 19.038692],1685414028664"
0,,"device_1,[-6.1530986, 0.6943185, 10.8624935],1685414028720"
0,,"device_1,[-7.2233067, -3.0909145, 7.632715],1685414028773"
0,,"device_1,[-10.029311, -5.267244, 7.457938],1685414028835"
0,,"device_1,[-10.589554, -3.9217024, 8.207323],1685414028931"
0,,"device_1,[1.6519991, 0.5267244, 6.0477533],1685414028942"
0,,"device_1,[0.47884035, 0.8475474, 2.5881321],1685414029031"
0,,"device_1,[-3.086126, -3.0358477, 0.8475474],1685414029047"
0,,"device_1,[-2.9855695, -5.434838, 3.58412],1685414029131"
0,,"device_1,[-6.126762, -3.1052797, 4.8147397],1685414029157"
0,,"device_1,[-7.7572136, -2.0350714, 6.730101],1685414029223"
0,,"device_1,[-7.2448545, -1.3982137, 7.967903],1685414029266"
0,,"device_1,[-7.66384, -1.0989386, 8.731653],1685414029331"
0,,"device_1,[-4.3766007, -1.1061212, 7.9128366],1685414029379"
0,,"device_1,[-3.9959226, -1.5035586, 7.6949644],1685414029431"
0,,"device_1,[-4.1515455, -1.5945383, 7.2544312],1685414029486"
0,,"device_1,[-3.916914, -1.1587936, 6.7372837],1685414029540"
0,,"device_1,[-3.4165258, -1.0606314, 5.74369],1685414029595"
0,,"device_1,[-3.241749, -2.0350714, 5.9998693],1685414029664"
0,,"device_1,[-4.2425256, -2.5091233, 7.00304],1685414029712"
0,,"device_1,[-6.703765, -4.7500963, 8.453926],1685414029772"
0,,"device_1,[-5.161899, -6.670246, 8.789114],1685414029814"
0,,"device_1,[-7.1083846, -4.8243165, 10.342952],1685414029912"
0,,"device_1,[-5.899313, -3.6104562, 9.516952],1685414029926"
0,,"device_1,[-1.8171991, -1.6184803, 7.007828],1685414029979"
0,,"device_1,[-0.12449849, -0.37110126, 6.220136],1685414030035"
0,,"device_1,[0.2801216, -1.283292, 5.923255],1685414030111"
0,,"device_1,[-0.51714754, -1.1611878, 7.098808],1685414030143"
0,,"device_1,[-3.3446999, -2.4181437, 9.461885],1685414030203"
0,,"device_1,[-2.8802247, -8.408437, 9.923966],1685414030260"
0,,"device_1,[-4.369418, -9.148245, 10.67814],1685414030311"
0,,"device_1,[-3.5434184, -5.5497594, 9.986216],1685414030361"
0,,"device_1,[-0.9792285, -3.6224272, 8.1642275],1685414030419"
0,,"device_1,[-0.41180268, -2.4181437, 7.5704656],1685414030470"
0,,"device_1,[-1.3718776, -3.775656, 7.5321584],1685414030525"
0,,"device_1,[-1.7812861, -5.1930237, 7.9128366],1685414030582"
0,,"device_1,[-2.8179753, -5.518635, 8.939949],1685414030639"
0,,"device_1,[-3.5075054, -5.2887917, 9.921572],1685414030733"
0,,"device_1,[-4.8386817, -4.2185836, 10.412383],1685414030744"
0,,"device_1,[-3.8187518, -2.9400797, 9.828198],1685414030831"
0,,"device_1,[-2.1092918, -1.9033904, 8.817844],1685414030854"
0,,"device_1,[-1.067814, -0.7206547, 6.979098],1685414030934"
0,,"device_1,[0.24899697, -0.031124622, 5.3079453],1685414030965"
0,,"device_1,[-0.04309563, -0.2777274, 5.2648497],1685414031032"
0,,"device_1,[-0.5267244, -1.0151415, 5.923255],1685414031073"
0,,"device_1,[-1.1683705, -2.219425, 6.9719152],1685414031130"
0,,"device_1,[-2.9496565, -3.9193082, 9.67018],1685414031181"
0,,"device_1,[-5.4061074, -4.8243165, 11.336545],1685414031233"
0,,"device_1,[-4.2664676, -5.2959743, 11.468226],1685414031290"
0,,"device_1,[-4.7046065, -6.0980315, 10.972627],1685414031343"
0,,"device_1,[-3.526659, -4.450821, 8.506598],1685414031415"
0,,"device_1,[-2.0925324, -5.145139, 15.636531],1685414031456"
0,,"device_1,[-4.6519337, -1.9632454, 9.969456],1685414031507"
0,,"device_1,[-0.58897364, -2.0805612, 7.9008656],1685414031571"
0,,"device_1,[-4.0294414, 1.6112977, 18.05707],1685414031615"
0,,"device_1,[-0.8355764, -0.63206923, 12.619837],1685414031672"
0,,"device_1,[-0.31364042, 0.16519992, 9.727641],1685414031727"
0,,"device_1,[0, -0.29448682, 9.847352],1685414031786"
0,,"device_1,[-0.11731588, -0.30885202, 9.785102],1685414031852"
0,,"device_1,[-0.18674773, -0.2777274, 9.828198],1685414031893"
0,,"device_1,[-0.17956513, -0.28491, 9.82341],1685414031944"
0,,"device_1,[-0.17238252, -0.34715924, 9.828198],1685414031999"
0,,"device_1,[-0.16280572, -0.4261679, 9.825804],1685414032068"
0,,"device_1,[-0.16998832, -0.4165911, 9.821015],1685414032110"
0,,"device_1,[-0.15801731, -0.32561144, 9.828198],1685414032164"
0,,"device_1,[-0.16998832, -0.25857377, 9.835381],1685414032220"
0,,"device_1,[-0.16280572, -0.19632454, 9.816227],1685414032274"
0,,"device_1,[-0.18674773, -0.18914193, 9.811439],1685414032329"
0,,"device_1,[-0.17477672, -0.21787235, 9.830592],1685414032385"
0,,"device_1,[-0.16998832, -0.25617957, 9.847352],1685414032438"
0,,"device_1,[-0.1604115, -0.31124622, 9.837775],1685414032493"
0,,"device_1,[-0.16519992, -0.32321724, 9.835381],1685414032548"
0,,"device_1,[-0.17956513, -0.2873042, 9.82341],1685414032631"
0,,"device_1,[-0.17717093, -0.25617957, 9.82341],1685414032673"
